net.sourceforge.jvlt.core.Dict	[net.sourceforge.jvlt.core.Dict::java.util.TreeSet<net.sourceforge.jvlt.core.Entry> _entry_set, net.sourceforge.jvlt.core.Dict::java.util.TreeSet<net.sourceforge.jvlt.core.Example> _example_set, net.sourceforge.jvlt.core.Dict::java.util.HashMap<java.lang.String,net.sourceforge.jvlt.core.Example> _id_example_map, net.sourceforge.jvlt.core.Dict::addExample(net.sourceforge.jvlt.core.Example):void, net.sourceforge.jvlt.core.Dict::removeExample(net.sourceforge.jvlt.core.Example):void, net.sourceforge.jvlt.core.Dict::getNextUnusedExampleID():java.lang.String, net.sourceforge.jvlt.core.Dict::getExample(java.lang.String):net.sourceforge.jvlt.core.Example, net.sourceforge.jvlt.core.Dict::getExampleCount():int, net.sourceforge.jvlt.core.Dict::getExample(net.sourceforge.jvlt.core.Example):net.sourceforge.jvlt.core.Example, net.sourceforge.jvlt.core.Dict::getExamples(net.sourceforge.jvlt.core.Sense):java.util.Collection<net.sourceforge.jvlt.core.Example>, net.sourceforge.jvlt.core.Dict::getExamples(net.sourceforge.jvlt.core.Entry):java.util.Collection<net.sourceforge.jvlt.core.Example>, net.sourceforge.jvlt.core.Dict::java.util.HashMap<java.lang.String,net.sourceforge.jvlt.core.Entry> _id_entry_map, net.sourceforge.jvlt.core.Dict::addEntry(net.sourceforge.jvlt.core.Entry):void, net.sourceforge.jvlt.core.Dict::removeEntry(net.sourceforge.jvlt.core.Entry):void, net.sourceforge.jvlt.core.Dict::getEntry(java.lang.String):net.sourceforge.jvlt.core.Entry, net.sourceforge.jvlt.core.Dict::getNextUnusedEntryID():java.lang.String, net.sourceforge.jvlt.core.Dict::getEntryCount():int, net.sourceforge.jvlt.core.Dict::getEntry(net.sourceforge.jvlt.core.Entry):net.sourceforge.jvlt.core.Entry]
net.sourceforge.jvlt.core.Dict	[net.sourceforge.jvlt.core.Dict::java.util.TreeSet<net.sourceforge.jvlt.core.Example> _example_set, net.sourceforge.jvlt.core.Dict::java.util.HashMap<java.lang.String,net.sourceforge.jvlt.core.Example> _id_example_map, net.sourceforge.jvlt.core.Dict::addExample(net.sourceforge.jvlt.core.Example):void, net.sourceforge.jvlt.core.Dict::removeExample(net.sourceforge.jvlt.core.Example):void, net.sourceforge.jvlt.core.Dict::getNextUnusedExampleID():java.lang.String, net.sourceforge.jvlt.core.Dict::getExample(java.lang.String):net.sourceforge.jvlt.core.Example, net.sourceforge.jvlt.core.Dict::getExampleCount():int, net.sourceforge.jvlt.core.Dict::getExample(net.sourceforge.jvlt.core.Example):net.sourceforge.jvlt.core.Example, net.sourceforge.jvlt.core.Dict::getExamples(net.sourceforge.jvlt.core.Sense):java.util.Collection<net.sourceforge.jvlt.core.Example>, net.sourceforge.jvlt.core.Dict::getExamples(net.sourceforge.jvlt.core.Entry):java.util.Collection<net.sourceforge.jvlt.core.Example>]
net.sourceforge.jvlt.core.Dict	[net.sourceforge.jvlt.core.Dict::java.lang.String _language, net.sourceforge.jvlt.core.Dict::net.sourceforge.jvlt.core.EntryAttributeSchema _schema, net.sourceforge.jvlt.core.Dict::setLanguage(java.lang.String):void]
net.sourceforge.jvlt.core.Dict	[net.sourceforge.jvlt.core.Dict::java.util.HashMap<java.lang.String,net.sourceforge.jvlt.core.Example> _id_example_map, net.sourceforge.jvlt.core.Dict::addExample(net.sourceforge.jvlt.core.Example):void, net.sourceforge.jvlt.core.Dict::removeExample(net.sourceforge.jvlt.core.Example):void, net.sourceforge.jvlt.core.Dict::getNextUnusedExampleID():java.lang.String, net.sourceforge.jvlt.core.Dict::getExample(java.lang.String):net.sourceforge.jvlt.core.Example]
net.sourceforge.jvlt.ui.vocabulary.entrydialog.AbstractEntryDialog.TextFieldArea	[net.sourceforge.jvlt.ui.vocabulary.entrydialog.AbstractEntryDialog.TextFieldArea::net.sourceforge.jvlt.ui.components.StringListEditor pronunciationEditor, net.sourceforge.jvlt.ui.vocabulary.entrydialog.AbstractEntryDialog.TextFieldArea::getSelectedPronunciations():java.util.List<java.lang.String>, net.sourceforge.jvlt.ui.vocabulary.entrydialog.AbstractEntryDialog.TextFieldArea::net.sourceforge.jvlt.ui.components.CustomTextField orthField, net.sourceforge.jvlt.ui.vocabulary.entrydialog.AbstractEntryDialog.TextFieldArea::setDefaultFocus():void, net.sourceforge.jvlt.ui.vocabulary.entrydialog.AbstractEntryDialog.TextFieldArea::getSelectedOrthography():java.lang.String, net.sourceforge.jvlt.ui.vocabulary.entrydialog.AbstractEntryDialog.TextFieldArea::net.sourceforge.jvlt.ui.components.LabeledComboBox lessonBox, net.sourceforge.jvlt.ui.vocabulary.entrydialog.AbstractEntryDialog.TextFieldArea::getSelectedLesson():java.lang.String, net.sourceforge.jvlt.ui.vocabulary.entrydialog.AbstractEntryDialog.TextFieldArea::setSelectedLesson(java.lang.String, boolean):void, net.sourceforge.jvlt.ui.vocabulary.entrydialog.AbstractEntryDialog.TextFieldArea::net.sourceforge.jvlt.model.JVLTModel model, net.sourceforge.jvlt.ui.vocabulary.entrydialog.AbstractEntryDialog.TextFieldArea::updateComponents(java.util.List<net.sourceforge.jvlt.core.Entry>):void]
net.sourceforge.jvlt.ui.vocabulary.entrydialog.AbstractEntryDialog.TextFieldArea	[net.sourceforge.jvlt.ui.vocabulary.entrydialog.AbstractEntryDialog.TextFieldArea::net.sourceforge.jvlt.ui.components.StringListEditor pronunciationEditor, net.sourceforge.jvlt.ui.vocabulary.entrydialog.AbstractEntryDialog.TextFieldArea::getSelectedPronunciations():java.util.List<java.lang.String>, net.sourceforge.jvlt.ui.vocabulary.entrydialog.AbstractEntryDialog.TextFieldArea::net.sourceforge.jvlt.ui.components.CustomTextField orthField, net.sourceforge.jvlt.ui.vocabulary.entrydialog.AbstractEntryDialog.TextFieldArea::setDefaultFocus():void, net.sourceforge.jvlt.ui.vocabulary.entrydialog.AbstractEntryDialog.TextFieldArea::getSelectedOrthography():java.lang.String]
net.sourceforge.jvlt.ui.vocabulary.entrydialog.AbstractEntryDialog.TextFieldArea	[net.sourceforge.jvlt.ui.vocabulary.entrydialog.AbstractEntryDialog.TextFieldArea::net.sourceforge.jvlt.ui.components.CustomTextField orthField, net.sourceforge.jvlt.ui.vocabulary.entrydialog.AbstractEntryDialog.TextFieldArea::setDefaultFocus():void, net.sourceforge.jvlt.ui.vocabulary.entrydialog.AbstractEntryDialog.TextFieldArea::getSelectedOrthography():java.lang.String]
net.sourceforge.jvlt.ui.vocabulary.entrydialog.AbstractEntryDialog.TextFieldArea	[net.sourceforge.jvlt.ui.vocabulary.entrydialog.AbstractEntryDialog.TextFieldArea::net.sourceforge.jvlt.ui.components.LabeledComboBox lessonBox, net.sourceforge.jvlt.ui.vocabulary.entrydialog.AbstractEntryDialog.TextFieldArea::getSelectedLesson():java.lang.String, net.sourceforge.jvlt.ui.vocabulary.entrydialog.AbstractEntryDialog.TextFieldArea::setSelectedLesson(java.lang.String, boolean):void]
net.sourceforge.jvlt.metadata.MetaData	[net.sourceforge.jvlt.metadata.MetaData::java.util.Vector<net.sourceforge.jvlt.metadata.Attribute> _attributes, net.sourceforge.jvlt.metadata.MetaData::getAttributes():net.sourceforge.jvlt.metadata.Attribute[], net.sourceforge.jvlt.metadata.MetaData::addAttribute(net.sourceforge.jvlt.metadata.Attribute):void, net.sourceforge.jvlt.metadata.MetaData::removeAttribute(java.lang.String):void, net.sourceforge.jvlt.metadata.MetaData::java.util.Vector<java.lang.String> _names, net.sourceforge.jvlt.metadata.MetaData::getAttributeNames():java.lang.String[], net.sourceforge.jvlt.metadata.MetaData::java.util.HashMap<java.lang.String,net.sourceforge.jvlt.metadata.Attribute> _name_map, net.sourceforge.jvlt.metadata.MetaData::getAttribute(java.lang.String):net.sourceforge.jvlt.metadata.Attribute]
net.sourceforge.jvlt.metadata.MetaData	[net.sourceforge.jvlt.metadata.MetaData::java.util.Vector<net.sourceforge.jvlt.metadata.Attribute> _attributes, net.sourceforge.jvlt.metadata.MetaData::getAttributes():net.sourceforge.jvlt.metadata.Attribute[], net.sourceforge.jvlt.metadata.MetaData::addAttribute(net.sourceforge.jvlt.metadata.Attribute):void, net.sourceforge.jvlt.metadata.MetaData::removeAttribute(java.lang.String):void, net.sourceforge.jvlt.metadata.MetaData::java.util.Vector<java.lang.String> _names, net.sourceforge.jvlt.metadata.MetaData::getAttributeNames():java.lang.String[]]
net.sourceforge.jvlt.ui.JVLTUI	[net.sourceforge.jvlt.ui.JVLTUI::java.util.LinkedList<java.lang.String> _recent_files, net.sourceforge.jvlt.ui.JVLTUI::setMostRecentFile(java.lang.String):void, net.sourceforge.jvlt.ui.JVLTUI::updateRecentFilesMenu():void, net.sourceforge.jvlt.ui.JVLTUI::net.sourceforge.jvlt.ui.utils.CustomAction _clear_recent_files_action, net.sourceforge.jvlt.ui.JVLTUI::javax.swing.JMenu _recent_files_menu]
net.sourceforge.jvlt.ui.dialogs.ResetStatsDialogData	[net.sourceforge.jvlt.ui.dialogs.ResetStatsDialogData::int _num_entries, net.sourceforge.jvlt.ui.dialogs.ResetStatsDialogData::updateLabelText():void, net.sourceforge.jvlt.ui.dialogs.ResetStatsDialogData::int _num_matched_entries, net.sourceforge.jvlt.ui.dialogs.ResetStatsDialogData::javax.swing.JLabel _message_label, net.sourceforge.jvlt.ui.dialogs.ResetStatsDialogData::javax.swing.JRadioButton _all_entries_button, net.sourceforge.jvlt.ui.dialogs.ResetStatsDialogData::resetAllEntries():boolean]
net.sourceforge.jvlt.ui.dialogs.ResetStatsDialogData	[net.sourceforge.jvlt.ui.dialogs.ResetStatsDialogData::int _num_entries, net.sourceforge.jvlt.ui.dialogs.ResetStatsDialogData::updateLabelText():void, net.sourceforge.jvlt.ui.dialogs.ResetStatsDialogData::int _num_matched_entries, net.sourceforge.jvlt.ui.dialogs.ResetStatsDialogData::javax.swing.JLabel _message_label]
net.sourceforge.jvlt.ui.io.CSVImportPanel	[net.sourceforge.jvlt.ui.io.CSVImportPanel::javax.swing.SpinnerNumberModel _num_senses_spinner_model, net.sourceforge.jvlt.ui.io.CSVImportPanel::javax.swing.SpinnerNumberModel _num_categories_spinner_model, net.sourceforge.jvlt.ui.io.CSVImportPanel::javax.swing.SpinnerNumberModel _num_multimedia_files_spinner_model, net.sourceforge.jvlt.ui.io.CSVImportPanel::javax.swing.SpinnerNumberModel _num_examples_spinner_model, net.sourceforge.jvlt.ui.io.CSVImportPanel::getNumSenses():int, net.sourceforge.jvlt.ui.io.CSVImportPanel::getNumCategories():int, net.sourceforge.jvlt.ui.io.CSVImportPanel::getNumExamples():int, net.sourceforge.jvlt.ui.io.CSVImportPanel::getNumMultimediaFiles():int]
net.sourceforge.jvlt.model.DictModel	[net.sourceforge.jvlt.model.DictModel::net.sourceforge.jvlt.metadata.SenseMetaData _sense_data, net.sourceforge.jvlt.model.DictModel::net.sourceforge.jvlt.metadata.ExampleMetaData _example_data, net.sourceforge.jvlt.model.DictModel::getMetaData(java.lang.Class<? extends java.lang.Object>):net.sourceforge.jvlt.metadata.MetaData, net.sourceforge.jvlt.model.DictModel::net.sourceforge.jvlt.metadata.EntryMetaData _entry_data]
net.sourceforge.jvlt.model.DictModel	[net.sourceforge.jvlt.model.DictModel::java.util.LinkedList<net.sourceforge.jvlt.event.DictUpdateListener> _dict_update_listeners, net.sourceforge.jvlt.model.DictModel::addDictUpdateListener(net.sourceforge.jvlt.event.DictUpdateListener):void, net.sourceforge.jvlt.model.DictModel::removeDictUpdateListener(net.sourceforge.jvlt.event.DictUpdateListener):void]
net.sourceforge.jvlt.quiz.QuizDict	[net.sourceforge.jvlt.quiz.QuizDict::java.util.ArrayList<net.sourceforge.jvlt.core.Entry> _current_entries, net.sourceforge.jvlt.quiz.QuizDict::int _current_index, net.sourceforge.jvlt.quiz.QuizDict::getCurrentEntry():net.sourceforge.jvlt.core.Entry, net.sourceforge.jvlt.quiz.QuizDict::nextEntry():net.sourceforge.jvlt.core.Entry, net.sourceforge.jvlt.quiz.QuizDict::hasNextEntry():boolean, net.sourceforge.jvlt.quiz.QuizDict::hasPreviousEntry():boolean, net.sourceforge.jvlt.quiz.QuizDict::previousEntry():net.sourceforge.jvlt.core.Entry]
net.sourceforge.jvlt.quiz.QuizDict	[net.sourceforge.jvlt.quiz.QuizDict::net.sourceforge.jvlt.model.JVLTModel _model, net.sourceforge.jvlt.quiz.QuizDict::update(net.sourceforge.jvlt.query.EntryFilter[], net.sourceforge.jvlt.quiz.QuizInfo):void, net.sourceforge.jvlt.quiz.QuizDict::net.sourceforge.jvlt.quiz.QuizInfo _info, net.sourceforge.jvlt.quiz.QuizDict::java.util.ArrayList<net.sourceforge.jvlt.core.Entry> _current_entries, net.sourceforge.jvlt.quiz.QuizDict::int _current_index, net.sourceforge.jvlt.quiz.QuizDict::getCurrentEntry():net.sourceforge.jvlt.core.Entry, net.sourceforge.jvlt.quiz.QuizDict::nextEntry():net.sourceforge.jvlt.core.Entry, net.sourceforge.jvlt.quiz.QuizDict::hasNextEntry():boolean, net.sourceforge.jvlt.quiz.QuizDict::hasPreviousEntry():boolean, net.sourceforge.jvlt.quiz.QuizDict::previousEntry():net.sourceforge.jvlt.core.Entry, net.sourceforge.jvlt.quiz.QuizDict::start():void, net.sourceforge.jvlt.quiz.QuizDict::update(java.util.Collection<net.sourceforge.jvlt.core.Entry>, java.util.Collection<net.sourceforge.jvlt.core.Entry>, java.util.Collection<net.sourceforge.jvlt.core.Entry>):void, net.sourceforge.jvlt.quiz.QuizDict::reset():void, net.sourceforge.jvlt.quiz.QuizDict::getKnownEntries():net.sourceforge.jvlt.core.Entry[], net.sourceforge.jvlt.quiz.QuizDict::getNotKnownEntries():net.sourceforge.jvlt.core.Entry[], net.sourceforge.jvlt.quiz.QuizDict::java.util.Map<net.sourceforge.jvlt.core.Entry,net.sourceforge.jvlt.quiz.QueryResult> _results, net.sourceforge.jvlt.quiz.QuizDict::net.sourceforge.jvlt.query.EntryFilter[] _filters, net.sourceforge.jvlt.quiz.QuizDict::java.util.ArrayList<net.sourceforge.jvlt.core.Entry> _available_entries, net.sourceforge.jvlt.quiz.QuizDict::getAvailableEntryCount():int]
net.sourceforge.jvlt.ui.dialogs.MessageDialog	[net.sourceforge.jvlt.ui.dialogs.MessageDialog::javax.swing.JLabel _message_label, net.sourceforge.jvlt.ui.dialogs.MessageDialog::javax.swing.JTextArea _details_area, net.sourceforge.jvlt.ui.dialogs.MessageDialog::setMessages(java.lang.String, java.lang.String):void, net.sourceforge.jvlt.ui.dialogs.MessageDialog::java.lang.String _details]
net.sourceforge.jvlt.core.Entry	[net.sourceforge.jvlt.core.Entry::net.sourceforge.jvlt.core.Entry.Stats _stats, net.sourceforge.jvlt.core.Entry::getBatch():int, net.sourceforge.jvlt.core.Entry::setBatch(int):void, net.sourceforge.jvlt.core.Entry::updateBatch():void, net.sourceforge.jvlt.core.Entry::getExpireDate():java.util.Calendar, net.sourceforge.jvlt.core.Entry::getLastQueried():java.util.Calendar, net.sourceforge.jvlt.core.Entry::setLastQueried(java.util.Calendar):void, net.sourceforge.jvlt.core.Entry::getLastQuizResult():java.lang.Boolean, net.sourceforge.jvlt.core.Entry::setLastQuizResult(java.lang.Boolean):void, net.sourceforge.jvlt.core.Entry::resetStats():void, net.sourceforge.jvlt.core.Entry::getNumQueried():int, net.sourceforge.jvlt.core.Entry::setNumQueried(int):void, net.sourceforge.jvlt.core.Entry::getMistakeRatio():double, net.sourceforge.jvlt.core.Entry::getNumMistakes():int, net.sourceforge.jvlt.core.Entry::setNumMistakes(int):void, net.sourceforge.jvlt.core.Entry::getDateAdded():java.util.Calendar, net.sourceforge.jvlt.core.Entry::setDateAdded(java.util.Calendar):void, net.sourceforge.jvlt.core.Entry::getUserFlags():int, net.sourceforge.jvlt.core.Entry::setUserFlags(int):void]
net.sourceforge.jvlt.core.Entry	[net.sourceforge.jvlt.core.Entry::java.util.Vector<net.sourceforge.jvlt.core.StringPair> _custom_fields, net.sourceforge.jvlt.core.Entry::getCustomFields():net.sourceforge.jvlt.core.StringPair[], net.sourceforge.jvlt.core.Entry::setCustomFields(net.sourceforge.jvlt.core.StringPair[]):void, net.sourceforge.jvlt.core.Entry::addCustomField(java.lang.String, java.lang.String):void]
net.sourceforge.jvlt.core.Entry	[net.sourceforge.jvlt.core.Entry::java.util.Vector<net.sourceforge.jvlt.core.Sense> _senses, net.sourceforge.jvlt.core.Entry::createDeepCopy():net.sourceforge.jvlt.core.Entry, net.sourceforge.jvlt.core.Entry::java.util.TreeSet<net.sourceforge.jvlt.core.Sense> _sense_set, net.sourceforge.jvlt.core.Entry::addSense(int, net.sourceforge.jvlt.core.Sense):void, net.sourceforge.jvlt.core.Entry::removeSense(net.sourceforge.jvlt.core.Sense):void, net.sourceforge.jvlt.core.Entry::getSenses():net.sourceforge.jvlt.core.Sense[], net.sourceforge.jvlt.core.Entry::getSense(net.sourceforge.jvlt.core.Sense):net.sourceforge.jvlt.core.Sense]
net.sourceforge.jvlt.core.EntryClass	[net.sourceforge.jvlt.core.EntryClass::net.sourceforge.jvlt.core.EntryClass _parent_class, net.sourceforge.jvlt.core.EntryClass::setParentClass(net.sourceforge.jvlt.core.EntryClass):void, net.sourceforge.jvlt.core.EntryClass::java.util.TreeSet<net.sourceforge.jvlt.core.EntryClass> _children, net.sourceforge.jvlt.core.EntryClass::getChildClasses():net.sourceforge.jvlt.core.EntryClass[]]
net.sourceforge.jvlt.core.EntryClass	[net.sourceforge.jvlt.core.EntryClass::java.util.Vector<java.lang.String> _groups, net.sourceforge.jvlt.core.EntryClass::getGroups():java.lang.String[], net.sourceforge.jvlt.core.EntryClass::addAttribute(net.sourceforge.jvlt.core.SchemaAttribute):void, net.sourceforge.jvlt.core.EntryClass::java.util.TreeMap<java.lang.String,java.util.Vector<net.sourceforge.jvlt.core.SchemaAttribute>> _group_map, net.sourceforge.jvlt.core.EntryClass::getAttributes(java.lang.String):net.sourceforge.jvlt.core.SchemaAttribute[], net.sourceforge.jvlt.core.EntryClass::java.util.TreeMap<java.lang.String,net.sourceforge.jvlt.core.SchemaAttribute> _name_map, net.sourceforge.jvlt.core.EntryClass::getAttribute(java.lang.String):net.sourceforge.jvlt.core.SchemaAttribute, net.sourceforge.jvlt.core.EntryClass::addAttributes(net.sourceforge.jvlt.core.SchemaAttribute[]):void]
net.sourceforge.jvlt.model.AbstractModel	[net.sourceforge.jvlt.model.AbstractModel::java.util.LinkedList<net.sourceforge.jvlt.event.UndoableActionListener> _undoable_action_listeners, net.sourceforge.jvlt.model.AbstractModel::removeUndoableActionListener(net.sourceforge.jvlt.event.UndoableActionListener):void, net.sourceforge.jvlt.model.AbstractModel::fireEvent(java.lang.Object):void, net.sourceforge.jvlt.model.AbstractModel::java.util.LinkedList<net.sourceforge.jvlt.event.ModelResetEventListener> _reset_event_listeners, net.sourceforge.jvlt.model.AbstractModel::removeModelResetEventListener(net.sourceforge.jvlt.event.ModelResetEventListener):void]
net.sourceforge.jvlt.model.AbstractModel	[net.sourceforge.jvlt.model.AbstractModel::java.util.LinkedList<net.sourceforge.jvlt.actions.UndoableAction> _undoable_actions, net.sourceforge.jvlt.model.AbstractModel::java.util.LinkedList<net.sourceforge.jvlt.actions.UndoableAction> _redoable_actions, net.sourceforge.jvlt.model.AbstractModel::getNumUndoableActions():int, net.sourceforge.jvlt.model.AbstractModel::getFirstUndoableAction():net.sourceforge.jvlt.actions.UndoableAction, net.sourceforge.jvlt.model.AbstractModel::getNumRedoableActions():int, net.sourceforge.jvlt.model.AbstractModel::getFirstRedoableAction():net.sourceforge.jvlt.actions.UndoableAction]
net.sourceforge.jvlt.ui.components.FontChooserComboBox	[net.sourceforge.jvlt.ui.components.FontChooserComboBox::net.sourceforge.jvlt.ui.utils.FontInfo fontInfo, net.sourceforge.jvlt.ui.components.FontChooserComboBox::net.sourceforge.jvlt.ui.components.FontChooserComboBox.Model model, net.sourceforge.jvlt.ui.components.FontChooserComboBox::setFontInfo(net.sourceforge.jvlt.ui.utils.FontInfo):void]
net.sourceforge.jvlt.ui.vocabulary.entrydialog.EntryClassPanel	[net.sourceforge.jvlt.ui.vocabulary.entrydialog.EntryClassPanel::java.util.TreeMap<net.sourceforge.jvlt.core.SchemaAttribute,net.sourceforge.jvlt.ui.vocabulary.entrydialog.SchemaAttributeInput> _input_panels, net.sourceforge.jvlt.ui.vocabulary.entrydialog.EntryClassPanel::createPanel(net.sourceforge.jvlt.core.SchemaAttribute):javax.swing.JPanel, net.sourceforge.jvlt.ui.vocabulary.entrydialog.EntryClassPanel::updateInputPanel(net.sourceforge.jvlt.core.SchemaAttribute):void, net.sourceforge.jvlt.ui.vocabulary.entrydialog.EntryClassPanel::getAttributeValue(net.sourceforge.jvlt.core.SchemaAttribute):net.sourceforge.jvlt.core.SchemaAttribute, net.sourceforge.jvlt.ui.vocabulary.entrydialog.EntryClassPanel::setValue(net.sourceforge.jvlt.core.EntryClass):void]
net.sourceforge.jvlt.core.Sense	[net.sourceforge.jvlt.core.Sense::java.util.ArrayList<net.sourceforge.jvlt.core.StringPair> _custom_fields, net.sourceforge.jvlt.core.Sense::getCustomFields():net.sourceforge.jvlt.core.StringPair[], net.sourceforge.jvlt.core.Sense::setCustomFields(net.sourceforge.jvlt.core.StringPair[]):void, net.sourceforge.jvlt.core.Sense::addCustomField(java.lang.String, java.lang.String):void]
net.sourceforge.jvlt.model.JVLTModel	[net.sourceforge.jvlt.model.JVLTModel::java.util.LinkedList<net.sourceforge.jvlt.actions.UndoableAction> _undoable_actions, net.sourceforge.jvlt.model.JVLTModel::getNumUndoableActions():int, net.sourceforge.jvlt.model.JVLTModel::getFirstUndoableAction():net.sourceforge.jvlt.actions.UndoableAction]
net.sourceforge.jvlt.model.JVLTModel	[net.sourceforge.jvlt.model.JVLTModel::java.util.LinkedList<net.sourceforge.jvlt.actions.UndoableAction> _redoable_actions, net.sourceforge.jvlt.model.JVLTModel::getNumRedoableActions():int, net.sourceforge.jvlt.model.JVLTModel::getFirstRedoableAction():net.sourceforge.jvlt.actions.UndoableAction]
net.sourceforge.jvlt.tools.PropertiesFile	[net.sourceforge.jvlt.tools.PropertiesFile::java.util.TreeMap<java.lang.String,java.util.Vector<net.sourceforge.jvlt.tools.Line>> _key_map, net.sourceforge.jvlt.tools.PropertiesFile::getLines(java.lang.String):net.sourceforge.jvlt.tools.Line[], net.sourceforge.jvlt.tools.PropertiesFile::containsKey(java.lang.String):boolean]
net.sourceforge.jvlt.ui.components.CustomTextField	[net.sourceforge.jvlt.ui.components.CustomTextField::java.util.ArrayList<javax.swing.event.ChangeListener> _change_listeners, net.sourceforge.jvlt.ui.components.CustomTextField::removeChangeListener(javax.swing.event.ChangeListener):void, net.sourceforge.jvlt.ui.components.CustomTextField::fireChangeEvent():void]
net.sourceforge.jvlt.ui.dialogs.CustomDialogData	[net.sourceforge.jvlt.ui.dialogs.CustomDialogData::java.util.ArrayList<net.sourceforge.jvlt.event.ComponentReplacementListener> _listeners, net.sourceforge.jvlt.ui.dialogs.CustomDialogData::removeComponentReplacementListener(net.sourceforge.jvlt.event.ComponentReplacementListener):void, net.sourceforge.jvlt.ui.dialogs.CustomDialogData::fireComponentReplacementEvent(javax.swing.JComponent, javax.swing.JComponent):void]
net.sourceforge.jvlt.ui.dialogs.ExpirationTimePanel	[net.sourceforge.jvlt.ui.dialogs.ExpirationTimePanel::net.sourceforge.jvlt.ui.components.LabeledComboBox _unit_box, net.sourceforge.jvlt.ui.dialogs.ExpirationTimePanel::getExpirationUnit():java.lang.String, net.sourceforge.jvlt.ui.dialogs.ExpirationTimePanel::setExpirationUnit(java.lang.String):void]
net.sourceforge.jvlt.ui.dialogs.ExpirationTimePanel	[net.sourceforge.jvlt.ui.dialogs.ExpirationTimePanel::javax.swing.SpinnerNumberModel _batches_spinner_model, net.sourceforge.jvlt.ui.dialogs.ExpirationTimePanel::getNumBatches():int, net.sourceforge.jvlt.ui.dialogs.ExpirationTimePanel::setNumBatches(int):void]
net.sourceforge.jvlt.ui.dialogs.ExpirationTimePanel	[net.sourceforge.jvlt.ui.dialogs.ExpirationTimePanel::javax.swing.SpinnerNumberModel _factor_spinner_model, net.sourceforge.jvlt.ui.dialogs.ExpirationTimePanel::getExpirationFactor():float, net.sourceforge.jvlt.ui.dialogs.ExpirationTimePanel::setExpirationFactor(float):void]
net.sourceforge.jvlt.ui.dialogs.ExpirationTimePanel	[net.sourceforge.jvlt.ui.dialogs.ExpirationTimePanel::javax.swing.table.DefaultTableModel _table_model, net.sourceforge.jvlt.ui.dialogs.ExpirationTimePanel::updateTable():void, net.sourceforge.jvlt.ui.dialogs.ExpirationTimePanel::javax.swing.SpinnerNumberModel _batches_spinner_model, net.sourceforge.jvlt.ui.dialogs.ExpirationTimePanel::getNumBatches():int, net.sourceforge.jvlt.ui.dialogs.ExpirationTimePanel::setNumBatches(int):void, net.sourceforge.jvlt.ui.dialogs.ExpirationTimePanel::javax.swing.SpinnerNumberModel _factor_spinner_model, net.sourceforge.jvlt.ui.dialogs.ExpirationTimePanel::getExpirationFactor():float, net.sourceforge.jvlt.ui.dialogs.ExpirationTimePanel::setExpirationFactor(float):void]
net.sourceforge.jvlt.ui.io.ImportResultsDescriptor	[net.sourceforge.jvlt.ui.io.ImportResultsDescriptor::javax.swing.JCheckBox _clear_stats_box, net.sourceforge.jvlt.ui.io.ImportResultsDescriptor::getClearStats():boolean, net.sourceforge.jvlt.ui.io.ImportResultsDescriptor::loadState():void, net.sourceforge.jvlt.ui.io.ImportResultsDescriptor::saveState():void]
net.sourceforge.jvlt.ui.io.ImportResultsDescriptor	[net.sourceforge.jvlt.ui.io.ImportResultsDescriptor::net.sourceforge.jvlt.ui.vocabulary.ExampleList _imported_examples_list, net.sourceforge.jvlt.ui.io.ImportResultsDescriptor::net.sourceforge.jvlt.ui.vocabulary.ExampleList _not_imported_examples_list, net.sourceforge.jvlt.ui.io.ImportResultsDescriptor::javax.swing.JLabel _example_label, net.sourceforge.jvlt.ui.io.ImportResultsDescriptor::setExamples(java.util.Collection<net.sourceforge.jvlt.core.Example>, java.util.Collection<net.sourceforge.jvlt.core.Example>):void]
net.sourceforge.jvlt.ui.io.StartExportDescriptor	[net.sourceforge.jvlt.ui.io.StartExportDescriptor::javax.swing.JCheckBox _clear_stats_box, net.sourceforge.jvlt.ui.io.StartExportDescriptor::getClearStats():boolean, net.sourceforge.jvlt.ui.io.StartExportDescriptor::loadState():void, net.sourceforge.jvlt.ui.io.StartExportDescriptor::saveState():void]
net.sourceforge.jvlt.ui.vocabulary.EntryPanel	[net.sourceforge.jvlt.ui.vocabulary.EntryPanel::java.util.ArrayList<net.sourceforge.jvlt.event.FilterListener<net.sourceforge.jvlt.core.Entry>> _filter_listeners, net.sourceforge.jvlt.ui.vocabulary.EntryPanel::removeFilterListener(net.sourceforge.jvlt.event.FilterListener<net.sourceforge.jvlt.core.Entry>):void, net.sourceforge.jvlt.ui.vocabulary.EntryPanel::fireFilterEvent(net.sourceforge.jvlt.event.FilterListener.FilterEvent<net.sourceforge.jvlt.core.Entry>):void]
net.sourceforge.jvlt.ui.vocabulary.EntryPanel	[net.sourceforge.jvlt.ui.vocabulary.EntryPanel::net.sourceforge.jvlt.ui.utils.CustomAction _edit_action, net.sourceforge.jvlt.ui.vocabulary.EntryPanel::net.sourceforge.jvlt.ui.utils.CustomAction _edit_as_new_action, net.sourceforge.jvlt.ui.vocabulary.EntryPanel::net.sourceforge.jvlt.ui.utils.CustomAction _remove_action, net.sourceforge.jvlt.ui.vocabulary.EntryPanel::updateActions():void]
net.sourceforge.jvlt.ui.vocabulary.ExamplePanel	[net.sourceforge.jvlt.ui.vocabulary.ExamplePanel::java.util.ArrayList<net.sourceforge.jvlt.event.FilterListener<net.sourceforge.jvlt.core.Example>> _filter_listeners, net.sourceforge.jvlt.ui.vocabulary.ExamplePanel::removeFilterListener(net.sourceforge.jvlt.event.FilterListener<net.sourceforge.jvlt.core.Example>):void, net.sourceforge.jvlt.ui.vocabulary.ExamplePanel::fireFilterEvent(net.sourceforge.jvlt.event.FilterListener.FilterEvent<net.sourceforge.jvlt.core.Example>):void]
net.sourceforge.jvlt.ui.vocabulary.StringListInput	[net.sourceforge.jvlt.ui.vocabulary.StringListInput::net.sourceforge.jvlt.ui.vocabulary.StringListInput.StringListDialog _dialog, net.sourceforge.jvlt.ui.vocabulary.StringListInput::setAvailableStrings(java.lang.String[]):void, net.sourceforge.jvlt.ui.vocabulary.StringListInput::getStrings():java.lang.String[]]
net.sourceforge.jvlt.ui.vocabulary.entrydialog.AbstractEntryDialog	[net.sourceforge.jvlt.ui.vocabulary.entrydialog.AbstractEntryDialog::java.util.List<net.sourceforge.jvlt.core.Entry> currentEntries, net.sourceforge.jvlt.ui.vocabulary.entrydialog.AbstractEntryDialog::getCurrentEntries():java.util.List<net.sourceforge.jvlt.core.Entry>, net.sourceforge.jvlt.ui.vocabulary.entrydialog.AbstractEntryDialog::getCurrentEntry():net.sourceforge.jvlt.core.Entry]
net.sourceforge.jvlt.utils.PropertyMap	[net.sourceforge.jvlt.utils.PropertyMap::java.util.Vector<java.beans.PropertyChangeListener> _listeners, net.sourceforge.jvlt.utils.PropertyMap::removePropertyChangeListener(java.beans.PropertyChangeListener):void, net.sourceforge.jvlt.utils.PropertyMap::firePropertyChangeEvent(java.lang.String, java.lang.Object, java.lang.Object):void]
net.sourceforge.jvlt.utils.ItemContainer	[net.sourceforge.jvlt.utils.ItemContainer::boolean _translate_items, net.sourceforge.jvlt.utils.ItemContainer::setTranslateItems(boolean):void, net.sourceforge.jvlt.utils.ItemContainer::net.sourceforge.jvlt.utils.AttributeResources _resources, net.sourceforge.jvlt.utils.ItemContainer::java.util.TreeMap<java.lang.Object,java.lang.String> _value_translation_map, net.sourceforge.jvlt.utils.ItemContainer::getTranslation(java.lang.Object):java.lang.String, net.sourceforge.jvlt.utils.ItemContainer::java.util.TreeMap<java.lang.String,java.lang.Object> _translation_value_map, net.sourceforge.jvlt.utils.ItemContainer::getItem(java.lang.Object):java.lang.Object, net.sourceforge.jvlt.utils.ItemContainer::getItems(java.lang.Object[]):java.lang.Object[], net.sourceforge.jvlt.utils.ItemContainer::getTranslations(java.lang.Object[]):java.lang.String[], net.sourceforge.jvlt.utils.ItemContainer::addItem(java.lang.Object):void, net.sourceforge.jvlt.utils.ItemContainer::updateMaps():void]
net.sourceforge.jvlt.utils.ItemContainer	[net.sourceforge.jvlt.utils.ItemContainer::java.util.ArrayList<java.lang.Object> _values, net.sourceforge.jvlt.utils.ItemContainer::addItems(java.lang.Object[]):void, net.sourceforge.jvlt.utils.ItemContainer::getItems():java.lang.Object[], net.sourceforge.jvlt.utils.ItemContainer::removeAllItems():void, net.sourceforge.jvlt.utils.ItemContainer::setItems(java.lang.Object[]):void]
net.sourceforge.jvlt.actions.StatsUpdateAction	[net.sourceforge.jvlt.actions.StatsUpdateAction::net.sourceforge.jvlt.core.Entry[] _known_entries, net.sourceforge.jvlt.actions.StatsUpdateAction::net.sourceforge.jvlt.core.Entry[] _unknown_entries, net.sourceforge.jvlt.actions.StatsUpdateAction::prepare():void, net.sourceforge.jvlt.actions.StatsUpdateAction::java.util.ArrayList<net.sourceforge.jvlt.actions.EditDictObjectAction> _entry_actions, net.sourceforge.jvlt.actions.StatsUpdateAction::executeAction():void, net.sourceforge.jvlt.actions.StatsUpdateAction::undoAction():void]
net.sourceforge.jvlt.io.XMLWriter	[net.sourceforge.jvlt.io.XMLWriter::boolean _do_indent, net.sourceforge.jvlt.io.XMLWriter::write(org.w3c.dom.Element):void, net.sourceforge.jvlt.io.XMLWriter::java.lang.String _indent, net.sourceforge.jvlt.io.XMLWriter::java.util.HashSet<java.lang.String> _no_indent_tags, net.sourceforge.jvlt.io.XMLWriter::setNoIndentTags(java.lang.String[]):void]
net.sourceforge.jvlt.io.XMLWriter	[net.sourceforge.jvlt.io.XMLWriter::java.io.OutputStream _stream, net.sourceforge.jvlt.io.XMLWriter::java.io.Writer _writer, net.sourceforge.jvlt.io.XMLWriter::write(org.w3c.dom.Document):void]
net.sourceforge.jvlt.io.XMLWriter	[net.sourceforge.jvlt.io.XMLWriter::boolean _do_indent, net.sourceforge.jvlt.io.XMLWriter::write(org.w3c.dom.Element):void, net.sourceforge.jvlt.io.XMLWriter::java.lang.String _indent]
net.sourceforge.jvlt.ui.dialogs.FontChooser	[net.sourceforge.jvlt.ui.dialogs.FontChooser::net.sourceforge.jvlt.ui.dialogs.InputList _font_list, net.sourceforge.jvlt.ui.dialogs.FontChooser::net.sourceforge.jvlt.ui.dialogs.InputList _size_list, net.sourceforge.jvlt.ui.dialogs.FontChooser::javax.swing.JCheckBox _bold_box, net.sourceforge.jvlt.ui.dialogs.FontChooser::javax.swing.JCheckBox _italic_box, net.sourceforge.jvlt.ui.dialogs.FontChooser::getFontInfo():net.sourceforge.jvlt.ui.utils.FontInfo, net.sourceforge.jvlt.ui.dialogs.FontChooser::setFontInfo(net.sourceforge.jvlt.ui.utils.FontInfo):void]
net.sourceforge.jvlt.ui.io.StartImportDescriptor	[net.sourceforge.jvlt.ui.io.StartImportDescriptor::net.sourceforge.jvlt.ui.components.LabeledComboBox _type_box, net.sourceforge.jvlt.ui.io.StartImportDescriptor::net.sourceforge.jvlt.ui.components.CustomTextField _file_field, net.sourceforge.jvlt.ui.io.StartImportDescriptor::net.sourceforge.jvlt.ui.io.CSVImportPanel _csv_panel, net.sourceforge.jvlt.ui.io.StartImportDescriptor::java.awt.Component _empty_component, net.sourceforge.jvlt.ui.io.StartImportDescriptor::loadState():void, net.sourceforge.jvlt.ui.io.StartImportDescriptor::saveState():void, net.sourceforge.jvlt.ui.io.StartImportDescriptor::initUI():void]
net.sourceforge.jvlt.ui.components.ButtonPanel	[net.sourceforge.jvlt.ui.components.ButtonPanel::java.util.List<javax.swing.JButton> _buttons, net.sourceforge.jvlt.ui.components.ButtonPanel::addButton(javax.swing.JButton):void, net.sourceforge.jvlt.ui.components.ButtonPanel::addButtons(javax.swing.JButton[]):void, net.sourceforge.jvlt.ui.components.ButtonPanel::setButtons(javax.swing.JButton[]):void]
net.sourceforge.jvlt.ui.components.ObjectSelectionPanel	[net.sourceforge.jvlt.ui.components.ObjectSelectionPanel::boolean _allow_reordering, net.sourceforge.jvlt.ui.components.ObjectSelectionPanel::setAllowReordering(boolean):void, net.sourceforge.jvlt.ui.components.ObjectSelectionPanel::net.sourceforge.jvlt.ui.components.ButtonPanel _button_panel]
net.sourceforge.jvlt.ui.quiz.ResultDescriptor	[net.sourceforge.jvlt.ui.quiz.ResultDescriptor::net.sourceforge.jvlt.ui.quiz.ResultEntryTable _known_entries_table, net.sourceforge.jvlt.ui.quiz.ResultDescriptor::net.sourceforge.jvlt.ui.quiz.ResultEntryTable _notknown_entries_table, net.sourceforge.jvlt.ui.quiz.ResultDescriptor::setKnownEntries(net.sourceforge.jvlt.core.Entry[]):void, net.sourceforge.jvlt.ui.quiz.ResultDescriptor::setNotKnownEntries(net.sourceforge.jvlt.core.Entry[]):void]
net.sourceforge.jvlt.ui.vocabulary.entrydialog.AbstractEntryDialog.MeaningsArea	[net.sourceforge.jvlt.ui.vocabulary.entrydialog.AbstractEntryDialog.MeaningsArea::java.util.Map<net.sourceforge.jvlt.core.Sense,net.sourceforge.jvlt.core.Sense> meaningsMap, net.sourceforge.jvlt.ui.vocabulary.entrydialog.AbstractEntryDialog.MeaningsArea::java.util.List<net.sourceforge.jvlt.actions.DictObjectAction> meaningActions, net.sourceforge.jvlt.ui.vocabulary.entrydialog.AbstractEntryDialog.MeaningsArea::getMeaningActions():java.util.List<net.sourceforge.jvlt.actions.DictObjectAction>, net.sourceforge.jvlt.ui.vocabulary.entrydialog.AbstractEntryDialog.MeaningsArea::javax.swing.DefaultListModel listModel, net.sourceforge.jvlt.ui.vocabulary.entrydialog.AbstractEntryDialog.MeaningsArea::javax.swing.JList meaningList, net.sourceforge.jvlt.ui.vocabulary.entrydialog.AbstractEntryDialog.MeaningsArea::hasMeanings():boolean, net.sourceforge.jvlt.ui.vocabulary.entrydialog.AbstractEntryDialog.MeaningsArea::net.sourceforge.jvlt.ui.utils.CustomAction addAction, net.sourceforge.jvlt.ui.vocabulary.entrydialog.AbstractEntryDialog.MeaningsArea::net.sourceforge.jvlt.ui.utils.CustomAction editAction, net.sourceforge.jvlt.ui.vocabulary.entrydialog.AbstractEntryDialog.MeaningsArea::net.sourceforge.jvlt.ui.utils.CustomAction removeAction, net.sourceforge.jvlt.ui.vocabulary.entrydialog.AbstractEntryDialog.MeaningsArea::net.sourceforge.jvlt.ui.utils.CustomAction meaningUpAction, net.sourceforge.jvlt.ui.vocabulary.entrydialog.AbstractEntryDialog.MeaningsArea::net.sourceforge.jvlt.ui.utils.CustomAction meaningDownAction, net.sourceforge.jvlt.ui.vocabulary.entrydialog.AbstractEntryDialog.MeaningsArea::moveSelectedElement(int):void, net.sourceforge.jvlt.ui.vocabulary.entrydialog.AbstractEntryDialog.MeaningsArea::updateComponents(java.util.List<net.sourceforge.jvlt.core.Entry>):void, net.sourceforge.jvlt.ui.vocabulary.entrydialog.AbstractEntryDialog.MeaningsArea::setCurrentEntries(java.util.List<net.sourceforge.jvlt.core.Entry>):void, net.sourceforge.jvlt.ui.vocabulary.entrydialog.AbstractEntryDialog.MeaningsArea::buildMeaningsArea():javax.swing.JComponent, net.sourceforge.jvlt.ui.vocabulary.entrydialog.AbstractEntryDialog.MeaningsArea::updateActions(java.util.List<net.sourceforge.jvlt.core.Entry>):void]
net.sourceforge.jvlt.ui.dialogs.AbstractDialog	[net.sourceforge.jvlt.ui.dialogs.AbstractDialog::int[] _buttons, net.sourceforge.jvlt.ui.dialogs.AbstractDialog::setButtons(int[]):void, net.sourceforge.jvlt.ui.dialogs.AbstractDialog::int _default_button, net.sourceforge.jvlt.ui.dialogs.AbstractDialog::setDefaultButton(int):void, net.sourceforge.jvlt.ui.dialogs.AbstractDialog::init():void, net.sourceforge.jvlt.ui.dialogs.AbstractDialog::java.awt.Container _content, net.sourceforge.jvlt.ui.dialogs.AbstractDialog::setContent(java.awt.Container):void, net.sourceforge.jvlt.ui.dialogs.AbstractDialog::javax.swing.JPanel _button_panel, net.sourceforge.jvlt.ui.dialogs.AbstractDialog::getComponent(java.lang.String):java.awt.Component, net.sourceforge.jvlt.ui.dialogs.AbstractDialog::getFieldNameForValue(int):java.lang.String, net.sourceforge.jvlt.ui.dialogs.AbstractDialog::getFieldNameForCustomValue(int):java.lang.String]
net.sourceforge.jvlt.ui.wizard.Wizard	[net.sourceforge.jvlt.ui.wizard.Wizard::javax.swing.Action _cancel_action, net.sourceforge.jvlt.ui.wizard.Wizard::javax.swing.Action _next_action, net.sourceforge.jvlt.ui.wizard.Wizard::javax.swing.Action _back_action, net.sourceforge.jvlt.ui.wizard.Wizard::updateButtons():void]
