net.sourceforge.ganttproject.io.GanttCSVExport	[net.sourceforge.ganttproject.io.GanttCSVExport::net.sourceforge.ganttproject.GanttTree tree, net.sourceforge.ganttproject.io.GanttCSVExport::net.sourceforge.ganttproject.GanttResourcePanel peop, net.sourceforge.ganttproject.io.GanttCSVExport::save(java.io.OutputStream):void, net.sourceforge.ganttproject.io.GanttCSVExport::net.sourceforge.ganttproject.io.CSVOptions csvOptions, net.sourceforge.ganttproject.io.GanttCSVExport::java.util.ArrayList lot, net.sourceforge.ganttproject.io.GanttCSVExport::java.util.ArrayList resources, net.sourceforge.ganttproject.io.GanttCSVExport::boolean bFixedSize, net.sourceforge.ganttproject.io.GanttCSVExport::beginToSave(java.io.OutputStreamWriter):void, net.sourceforge.ganttproject.io.GanttCSVExport::getName(javax.swing.tree.DefaultMutableTreeNode, net.sourceforge.ganttproject.GanttTask):java.lang.String, net.sourceforge.ganttproject.io.GanttCSVExport::getAssignments(net.sourceforge.ganttproject.GanttTask):java.lang.String, net.sourceforge.ganttproject.io.GanttCSVExport::int iMaxSize, net.sourceforge.ganttproject.io.GanttCSVExport::correctField(java.lang.String):java.lang.String, net.sourceforge.ganttproject.io.GanttCSVExport::writeTasks(java.io.OutputStreamWriter):void, net.sourceforge.ganttproject.io.GanttCSVExport::getMaxSize():void, net.sourceforge.ganttproject.io.GanttCSVExport::writeResources(java.io.OutputStreamWriter):void, net.sourceforge.ganttproject.io.GanttCSVExport::getWebLink(net.sourceforge.ganttproject.GanttTask):java.lang.String]
net.sourceforge.ganttproject.GanttOptions	[net.sourceforge.ganttproject.GanttOptions::net.sourceforge.ganttproject.roles.RoleManager myRoleManager, net.sourceforge.ganttproject.GanttOptions::loadRoleSets(java.io.File):void, net.sourceforge.ganttproject.GanttOptions::saveRoleSets(javax.xml.transform.sax.TransformerHandler):void, net.sourceforge.ganttproject.GanttOptions::startElement(java.lang.String, org.xml.sax.Attributes, javax.xml.transform.sax.TransformerHandler):void, net.sourceforge.ganttproject.GanttOptions::emptyElement(java.lang.String, org.xml.sax.helpers.AttributesImpl, javax.xml.transform.sax.TransformerHandler):void, net.sourceforge.ganttproject.GanttOptions::endElement(java.lang.String, javax.xml.transform.sax.TransformerHandler):void, net.sourceforge.ganttproject.GanttOptions::addAttribute(java.lang.String, java.lang.String, org.xml.sax.helpers.AttributesImpl):void, net.sourceforge.ganttproject.GanttOptions::saveRoles(net.sourceforge.ganttproject.roles.RoleSet, javax.xml.transform.sax.TransformerHandler):void]
net.sourceforge.ganttproject.GanttOptions	[net.sourceforge.ganttproject.GanttOptions::startElement(java.lang.String, org.xml.sax.Attributes, javax.xml.transform.sax.TransformerHandler):void, net.sourceforge.ganttproject.GanttOptions::emptyElement(java.lang.String, org.xml.sax.helpers.AttributesImpl, javax.xml.transform.sax.TransformerHandler):void, net.sourceforge.ganttproject.GanttOptions::endElement(java.lang.String, javax.xml.transform.sax.TransformerHandler):void, net.sourceforge.ganttproject.GanttOptions::addAttribute(java.lang.String, java.lang.String, org.xml.sax.helpers.AttributesImpl):void, net.sourceforge.ganttproject.GanttOptions::saveRoles(net.sourceforge.ganttproject.roles.RoleSet, javax.xml.transform.sax.TransformerHandler):void]
net.sourceforge.ganttproject.GanttOptions	[net.sourceforge.ganttproject.GanttOptions::int x, net.sourceforge.ganttproject.GanttOptions::int y, net.sourceforge.ganttproject.GanttOptions::setWindowPosition(int, int):void, net.sourceforge.ganttproject.GanttOptions::int width, net.sourceforge.ganttproject.GanttOptions::int height, net.sourceforge.ganttproject.GanttOptions::setWindowSize(int, int):void]
net.sourceforge.ganttproject.GanttOptions	[net.sourceforge.ganttproject.GanttOptions::int x, net.sourceforge.ganttproject.GanttOptions::int y, net.sourceforge.ganttproject.GanttOptions::setWindowPosition(int, int):void]
net.sourceforge.ganttproject.GanttOptions	[net.sourceforge.ganttproject.GanttOptions::int width, net.sourceforge.ganttproject.GanttOptions::int height, net.sourceforge.ganttproject.GanttOptions::setWindowSize(int, int):void]
net.sourceforge.ganttproject.GanttOptions	[net.sourceforge.ganttproject.GanttOptions::startElement(java.lang.String, org.xml.sax.Attributes, javax.xml.transform.sax.TransformerHandler):void, net.sourceforge.ganttproject.GanttOptions::emptyElement(java.lang.String, org.xml.sax.helpers.AttributesImpl, javax.xml.transform.sax.TransformerHandler):void, net.sourceforge.ganttproject.GanttOptions::endElement(java.lang.String, javax.xml.transform.sax.TransformerHandler):void]
net.sourceforge.ganttproject.chart.GraphicPrimitiveContainer	[net.sourceforge.ganttproject.chart.GraphicPrimitiveContainer::java.util.ArrayList myRectangles, net.sourceforge.ganttproject.chart.GraphicPrimitiveContainer::createRectangle(int, int, int, int):net.sourceforge.ganttproject.chart.GraphicPrimitiveContainer.Rectangle, net.sourceforge.ganttproject.chart.GraphicPrimitiveContainer::java.util.ArrayList myLines, net.sourceforge.ganttproject.chart.GraphicPrimitiveContainer::createLine(int, int, int, int):net.sourceforge.ganttproject.chart.GraphicPrimitiveContainer.Line, net.sourceforge.ganttproject.chart.GraphicPrimitiveContainer::java.util.ArrayList myTexts, net.sourceforge.ganttproject.chart.GraphicPrimitiveContainer::createText(int, int, java.lang.String):net.sourceforge.ganttproject.chart.GraphicPrimitiveContainer.Text, net.sourceforge.ganttproject.chart.GraphicPrimitiveContainer::clear():void, net.sourceforge.ganttproject.chart.GraphicPrimitiveContainer::java.util.Map myModelObject2primitive, net.sourceforge.ganttproject.chart.GraphicPrimitiveContainer::getPrimitive(java.lang.Object):net.sourceforge.ganttproject.chart.GraphicPrimitiveContainer.GraphicPrimitive, net.sourceforge.ganttproject.chart.GraphicPrimitiveContainer::bind(net.sourceforge.ganttproject.chart.GraphicPrimitiveContainer.GraphicPrimitive, java.lang.Object):void, net.sourceforge.ganttproject.chart.GraphicPrimitiveContainer::paint(net.sourceforge.ganttproject.chart.Painter, java.awt.Graphics):void, net.sourceforge.ganttproject.chart.GraphicPrimitiveContainer::getPrimitive(int, int):net.sourceforge.ganttproject.chart.GraphicPrimitiveContainer.GraphicPrimitive]
net.sourceforge.ganttproject.chart.GraphicPrimitiveContainer	[net.sourceforge.ganttproject.chart.GraphicPrimitiveContainer::java.util.ArrayList myLines, net.sourceforge.ganttproject.chart.GraphicPrimitiveContainer::createLine(int, int, int, int):net.sourceforge.ganttproject.chart.GraphicPrimitiveContainer.Line, net.sourceforge.ganttproject.chart.GraphicPrimitiveContainer::java.util.ArrayList myTexts, net.sourceforge.ganttproject.chart.GraphicPrimitiveContainer::createText(int, int, java.lang.String):net.sourceforge.ganttproject.chart.GraphicPrimitiveContainer.Text]
net.sourceforge.ganttproject.chart.GraphicPrimitiveContainer	[net.sourceforge.ganttproject.chart.GraphicPrimitiveContainer::java.util.List myLayers, net.sourceforge.ganttproject.chart.GraphicPrimitiveContainer::getLayer(int):net.sourceforge.ganttproject.chart.GraphicPrimitiveContainer, net.sourceforge.ganttproject.chart.GraphicPrimitiveContainer::newLayer():net.sourceforge.ganttproject.chart.GraphicPrimitiveContainer]
net.sourceforge.ganttproject.chart.GraphicPrimitiveContainer	[net.sourceforge.ganttproject.chart.GraphicPrimitiveContainer::java.util.Map myModelObject2primitive, net.sourceforge.ganttproject.chart.GraphicPrimitiveContainer::getPrimitive(java.lang.Object):net.sourceforge.ganttproject.chart.GraphicPrimitiveContainer.GraphicPrimitive, net.sourceforge.ganttproject.chart.GraphicPrimitiveContainer::bind(net.sourceforge.ganttproject.chart.GraphicPrimitiveContainer.GraphicPrimitive, java.lang.Object):void]
net.sourceforge.ganttproject.chart.GraphicPrimitiveContainer	[net.sourceforge.ganttproject.chart.GraphicPrimitiveContainer::java.util.ArrayList myRectangles, net.sourceforge.ganttproject.chart.GraphicPrimitiveContainer::createRectangle(int, int, int, int):net.sourceforge.ganttproject.chart.GraphicPrimitiveContainer.Rectangle, net.sourceforge.ganttproject.chart.GraphicPrimitiveContainer::java.util.ArrayList myLines, net.sourceforge.ganttproject.chart.GraphicPrimitiveContainer::createLine(int, int, int, int):net.sourceforge.ganttproject.chart.GraphicPrimitiveContainer.Line, net.sourceforge.ganttproject.chart.GraphicPrimitiveContainer::java.util.ArrayList myTexts, net.sourceforge.ganttproject.chart.GraphicPrimitiveContainer::createText(int, int, java.lang.String):net.sourceforge.ganttproject.chart.GraphicPrimitiveContainer.Text, net.sourceforge.ganttproject.chart.GraphicPrimitiveContainer::clear():void]
net.sourceforge.ganttproject.io.GanttMPXJSaver	[net.sourceforge.ganttproject.io.GanttMPXJSaver::net.sourceforge.ganttproject.GanttResourcePanel m_resources, net.sourceforge.ganttproject.io.GanttMPXJSaver::com.tapsterrock.mpx.MPXFile m_mpx, net.sourceforge.ganttproject.io.GanttMPXJSaver::java.util.HashMap m_ganttMpxTaskMap, net.sourceforge.ganttproject.io.GanttMPXJSaver::java.util.HashMap m_ganttMpxResourceMap, net.sourceforge.ganttproject.io.GanttMPXJSaver::processResources():void, net.sourceforge.ganttproject.io.GanttMPXJSaver::processAssignment(net.sourceforge.ganttproject.GanttTask, net.sourceforge.ganttproject.task.ResourceAssignment):void]
net.sourceforge.ganttproject.gui.options.ParametersSettingsPanel	[net.sourceforge.ganttproject.gui.options.ParametersSettingsPanel::javax.swing.JCheckBox cbAutomatic, net.sourceforge.ganttproject.gui.options.ParametersSettingsPanel::getAutomatic():boolean, net.sourceforge.ganttproject.gui.options.ParametersSettingsPanel::javax.swing.JCheckBox cbRedLine, net.sourceforge.ganttproject.gui.options.ParametersSettingsPanel::getRedLine():boolean, net.sourceforge.ganttproject.gui.options.ParametersSettingsPanel::javax.swing.JSpinner spLockDAV, net.sourceforge.ganttproject.gui.options.ParametersSettingsPanel::getLockDAVMinutes():int]
net.sourceforge.ganttproject.gui.options.ParametersSettingsPanel	[net.sourceforge.ganttproject.gui.options.ParametersSettingsPanel::javax.swing.JCheckBox cbAutomatic, net.sourceforge.ganttproject.gui.options.ParametersSettingsPanel::getAutomatic():boolean, net.sourceforge.ganttproject.gui.options.ParametersSettingsPanel::javax.swing.JCheckBox cbRedLine, net.sourceforge.ganttproject.gui.options.ParametersSettingsPanel::getRedLine():boolean]
net.sourceforge.ganttproject.GanttGraphicArea	[net.sourceforge.ganttproject.GanttGraphicArea::net.sourceforge.ganttproject.gui.UIConfiguration myUIConfiguration, net.sourceforge.ganttproject.GanttGraphicArea::getTaskColor():java.awt.Color, net.sourceforge.ganttproject.GanttGraphicArea::java.awt.Color myProjectLevelTaskColor]
net.sourceforge.ganttproject.GanttProject	[net.sourceforge.ganttproject.GanttProject::javax.swing.JMenu mMRU, net.sourceforge.ganttproject.GanttProject::updateMenuMRU():void, net.sourceforge.ganttproject.GanttProject::net.sourceforge.ganttproject.document.DocumentsMRU documentsMRU]
net.sourceforge.ganttproject.GanttProject	[net.sourceforge.ganttproject.GanttProject::net.sourceforge.ganttproject.GanttResourcePanel resp, net.sourceforge.ganttproject.GanttProject::getResourcePanel():net.sourceforge.ganttproject.GanttResourcePanel, net.sourceforge.ganttproject.GanttProject::net.sourceforge.ganttproject.action.ResourceActionSet myResourceActions, net.sourceforge.ganttproject.GanttProject::getResourceActions():net.sourceforge.ganttproject.action.ResourceActionSet]
net.sourceforge.ganttproject.chart.ChartModelBase	[net.sourceforge.ganttproject.chart.ChartModelBase::java.util.Date myStartDate, net.sourceforge.ganttproject.chart.ChartModelBase::setStartDate(java.util.Date):void, net.sourceforge.ganttproject.chart.ChartModelBase::net.sourceforge.ganttproject.time.TimeFrame[] myTimeFrames]
net.sourceforge.ganttproject.chart.DependencyInteractionRenderer	[net.sourceforge.ganttproject.chart.DependencyInteractionRenderer::int x2, net.sourceforge.ganttproject.chart.DependencyInteractionRenderer::int y2, net.sourceforge.ganttproject.chart.DependencyInteractionRenderer::changePoint2(int, int):void]
net.sourceforge.ganttproject.chart.DependencyInteractionRenderer	[net.sourceforge.ganttproject.chart.DependencyInteractionRenderer::int x1, net.sourceforge.ganttproject.chart.DependencyInteractionRenderer::int y1, net.sourceforge.ganttproject.chart.DependencyInteractionRenderer::boolean draw, net.sourceforge.ganttproject.chart.DependencyInteractionRenderer::paint(java.awt.Graphics):void]
net.sourceforge.ganttproject.chart.TaskRendererImpl	[net.sourceforge.ganttproject.chart.TaskRendererImpl::java.util.List myVisibleActivities, net.sourceforge.ganttproject.chart.TaskRendererImpl::java.util.List myCurrentlyProcessed, net.sourceforge.ganttproject.chart.TaskRendererImpl::pullQueue(java.util.Date, java.util.Date):void]
net.sourceforge.ganttproject.export.ProjectExportProcessor	[net.sourceforge.ganttproject.export.ProjectExportProcessor::java.util.logging.Logger myLogger, net.sourceforge.ganttproject.export.ProjectExportProcessor::getLogger():java.util.logging.Logger, net.sourceforge.ganttproject.export.ProjectExportProcessor::isInfoable():boolean, net.sourceforge.ganttproject.export.ProjectExportProcessor::info(java.lang.String):void]
net.sourceforge.ganttproject.gui.GanttStatusBar.MessagePanel	[net.sourceforge.ganttproject.gui.GanttStatusBar.MessagePanel::javax.swing.JLabel message, net.sourceforge.ganttproject.gui.GanttStatusBar.MessagePanel::clear():void, net.sourceforge.ganttproject.gui.GanttStatusBar.MessagePanel::setText(java.lang.String):void, net.sourceforge.ganttproject.gui.GanttStatusBar.MessagePanel::setText(java.lang.String, int):void, net.sourceforge.ganttproject.gui.GanttStatusBar.MessagePanel::int timer]
net.sourceforge.ganttproject.gui.GanttTaskPropertiesBean	[net.sourceforge.ganttproject.gui.GanttTaskPropertiesBean::int percentComplete, net.sourceforge.ganttproject.gui.GanttTaskPropertiesBean::getPercentComplete():int, net.sourceforge.ganttproject.gui.GanttTaskPropertiesBean::javax.swing.JSpinner percentCompleteSlider]
net.sourceforge.ganttproject.gui.options.ExportSettingsPanel	[net.sourceforge.ganttproject.gui.options.ExportSettingsPanel::javax.swing.JCheckBox cbName, net.sourceforge.ganttproject.gui.options.ExportSettingsPanel::getExportName():boolean, net.sourceforge.ganttproject.gui.options.ExportSettingsPanel::javax.swing.JCheckBox cbComplete, net.sourceforge.ganttproject.gui.options.ExportSettingsPanel::getExportComplete():boolean]
net.sourceforge.ganttproject.parser.DefaultWeekTagHandler	[net.sourceforge.ganttproject.parser.DefaultWeekTagHandler::java.util.Calendar myCalendar, net.sourceforge.ganttproject.parser.DefaultWeekTagHandler::getShortDayName(int):java.lang.String, net.sourceforge.ganttproject.parser.DefaultWeekTagHandler::java.text.SimpleDateFormat myShortFormat]
net.sourceforge.ganttproject.chart.ChartViewState	[net.sourceforge.ganttproject.chart.ChartViewState::net.sourceforge.ganttproject.gui.zoom.ZoomManager.ZoomState myCurrentZoomState, net.sourceforge.ganttproject.chart.ChartViewState::getTopTimeUnit():net.sourceforge.ganttproject.time.TimeUnit, net.sourceforge.ganttproject.chart.ChartViewState::getBottomTimeUnit():net.sourceforge.ganttproject.time.TimeUnit]
net.sourceforge.ganttproject.chart.ChartViewState	[net.sourceforge.ganttproject.chart.ChartViewState::java.util.List myListeners, net.sourceforge.ganttproject.chart.ChartViewState::removeStateListener(net.sourceforge.ganttproject.chart.ChartViewState.Listener):void, net.sourceforge.ganttproject.chart.ChartViewState::fireStartDateChanged(net.sourceforge.ganttproject.chart.ChartViewState.ViewStateEvent):void]
net.sourceforge.ganttproject.document.DocumentsMRU	[net.sourceforge.ganttproject.document.DocumentsMRU::java.util.List documents, net.sourceforge.ganttproject.document.DocumentsMRU::clear():void, net.sourceforge.ganttproject.document.DocumentsMRU::iterator():java.util.Iterator]
net.sourceforge.ganttproject.gui.GanttApplet	[net.sourceforge.ganttproject.gui.GanttApplet::javax.swing.JButton button, net.sourceforge.ganttproject.gui.GanttApplet::createContainer():java.awt.Container, net.sourceforge.ganttproject.gui.GanttApplet::main(java.lang.String[]):void]
net.sourceforge.ganttproject.gui.GanttLookAndFeels	[net.sourceforge.ganttproject.gui.GanttLookAndFeels::java.util.Map infoByClass, net.sourceforge.ganttproject.gui.GanttLookAndFeels::getInfoByClass(java.lang.String):net.sourceforge.ganttproject.gui.GanttLookAndFeelInfo, net.sourceforge.ganttproject.gui.GanttLookAndFeels::getInstalledLookAndFeels():net.sourceforge.ganttproject.gui.GanttLookAndFeelInfo[]]
net.sourceforge.ganttproject.language.GanttLanguage	[net.sourceforge.ganttproject.language.GanttLanguage::java.util.ArrayList myListeners, net.sourceforge.ganttproject.language.GanttLanguage::removeListener(net.sourceforge.ganttproject.language.GanttLanguage.Listener):void, net.sourceforge.ganttproject.language.GanttLanguage::fireLanguageChanged():void]
net.sourceforge.ganttproject.language.GanttLanguage	[net.sourceforge.ganttproject.language.GanttLanguage::java.util.Locale currentLocale, net.sourceforge.ganttproject.language.GanttLanguage::getMonth(int):java.lang.String, net.sourceforge.ganttproject.language.GanttLanguage::getComponentOrientation():java.awt.ComponentOrientation, net.sourceforge.ganttproject.language.GanttLanguage::createDateFormat(java.lang.String):java.text.SimpleDateFormat]
net.sourceforge.ganttproject.language.GanttLanguage	[net.sourceforge.ganttproject.language.GanttLanguage::java.util.Locale currentLocale, net.sourceforge.ganttproject.language.GanttLanguage::getMonth(int):java.lang.String, net.sourceforge.ganttproject.language.GanttLanguage::getComponentOrientation():java.awt.ComponentOrientation, net.sourceforge.ganttproject.language.GanttLanguage::createDateFormat(java.lang.String):java.text.SimpleDateFormat, net.sourceforge.ganttproject.language.GanttLanguage::java.util.ResourceBundle i18n, net.sourceforge.ganttproject.language.GanttLanguage::getText(java.lang.String):java.lang.String, net.sourceforge.ganttproject.language.GanttLanguage::setLocale(java.util.Locale):void, net.sourceforge.ganttproject.language.GanttLanguage::java.text.DateFormat currentDateFormat, net.sourceforge.ganttproject.language.GanttLanguage::formatDate(net.sourceforge.ganttproject.GanttCalendar):java.lang.String, net.sourceforge.ganttproject.language.GanttLanguage::parseDate(java.lang.String):net.sourceforge.ganttproject.GanttCalendar, net.sourceforge.ganttproject.language.GanttLanguage::java.text.DateFormat currentTimeFormat, net.sourceforge.ganttproject.language.GanttLanguage::formatTime(net.sourceforge.ganttproject.GanttCalendar):java.lang.String, net.sourceforge.ganttproject.language.GanttLanguage::getDay(int):java.lang.String]
net.sourceforge.ganttproject.language.GanttLanguage	[net.sourceforge.ganttproject.language.GanttLanguage::java.util.ResourceBundle i18n, net.sourceforge.ganttproject.language.GanttLanguage::getText(java.lang.String):java.lang.String, net.sourceforge.ganttproject.language.GanttLanguage::setLocale(java.util.Locale):void, net.sourceforge.ganttproject.language.GanttLanguage::java.text.DateFormat currentDateFormat, net.sourceforge.ganttproject.language.GanttLanguage::formatDate(net.sourceforge.ganttproject.GanttCalendar):java.lang.String, net.sourceforge.ganttproject.language.GanttLanguage::parseDate(java.lang.String):net.sourceforge.ganttproject.GanttCalendar, net.sourceforge.ganttproject.language.GanttLanguage::java.text.DateFormat currentTimeFormat, net.sourceforge.ganttproject.language.GanttLanguage::formatTime(net.sourceforge.ganttproject.GanttCalendar):java.lang.String]
net.sourceforge.ganttproject.resource.HumanResourceManager	[net.sourceforge.ganttproject.resource.HumanResourceManager::java.util.List myViews, net.sourceforge.ganttproject.resource.HumanResourceManager::fireResourceAdded(net.sourceforge.ganttproject.resource.ProjectResource):void, net.sourceforge.ganttproject.resource.HumanResourceManager::fireResourcesRemoved(net.sourceforge.ganttproject.resource.ProjectResource[]):void]
net.sourceforge.ganttproject.resource.ProjectResource	[net.sourceforge.ganttproject.resource.ProjectResource::java.util.List myAssignments, net.sourceforge.ganttproject.resource.ProjectResource::getAssignments():net.sourceforge.ganttproject.task.ResourceAssignment[], net.sourceforge.ganttproject.resource.ProjectResource::createAssignment(net.sourceforge.ganttproject.task.ResourceAssignment):net.sourceforge.ganttproject.task.ResourceAssignment]
net.sourceforge.ganttproject.shape.Shape	[net.sourceforge.ganttproject.shape.Shape::java.util.ArrayList listeners, net.sourceforge.ganttproject.shape.Shape::removeActionListener(java.awt.event.ActionListener):void, net.sourceforge.ganttproject.shape.Shape::fireActionEvent():void]
net.sourceforge.ganttproject.task.TaskManagerImpl	[net.sourceforge.ganttproject.task.TaskManagerImpl::java.util.List myListeners, net.sourceforge.ganttproject.task.TaskManagerImpl::fireTaskProgressChanged(net.sourceforge.ganttproject.task.Task):void, net.sourceforge.ganttproject.task.TaskManagerImpl::fireTaskRemoved(net.sourceforge.ganttproject.task.Task, net.sourceforge.ganttproject.task.Task):void, net.sourceforge.ganttproject.task.TaskManagerImpl::fireTaskPropertiesChanged(net.sourceforge.ganttproject.task.Task):void]
net.sourceforge.ganttproject.task.TaskManagerImpl	[net.sourceforge.ganttproject.task.TaskManagerImpl::net.sourceforge.ganttproject.task.dependency.TaskDependencyCollectionImpl myDependencyCollection, net.sourceforge.ganttproject.task.TaskManagerImpl::fireDependencyAdded(net.sourceforge.ganttproject.task.dependency.TaskDependency):void, net.sourceforge.ganttproject.task.TaskManagerImpl::fireDependencyRemoved(net.sourceforge.ganttproject.task.dependency.TaskDependency):void, net.sourceforge.ganttproject.task.TaskManagerImpl::java.util.List myListeners, net.sourceforge.ganttproject.task.TaskManagerImpl::fireTaskProgressChanged(net.sourceforge.ganttproject.task.Task):void, net.sourceforge.ganttproject.task.TaskManagerImpl::fireTaskRemoved(net.sourceforge.ganttproject.task.Task, net.sourceforge.ganttproject.task.Task):void, net.sourceforge.ganttproject.task.TaskManagerImpl::fireTaskPropertiesChanged(net.sourceforge.ganttproject.task.Task):void, net.sourceforge.ganttproject.task.TaskManagerImpl::fireTaskScheduleChanged(net.sourceforge.ganttproject.task.Task, net.sourceforge.ganttproject.GanttCalendar, net.sourceforge.ganttproject.GanttCalendar):void, net.sourceforge.ganttproject.task.TaskManagerImpl::fireTaskAdded(net.sourceforge.ganttproject.task.Task):void]
net.sourceforge.ganttproject.task.algorithm.RecalculateTaskScheduleAlgorithm	[net.sourceforge.ganttproject.task.algorithm.RecalculateTaskScheduleAlgorithm::java.util.Set myModifiedTasks, net.sourceforge.ganttproject.task.algorithm.RecalculateTaskScheduleAlgorithm::modifyTaskEnd(net.sourceforge.ganttproject.task.Task, net.sourceforge.ganttproject.GanttCalendar):void, net.sourceforge.ganttproject.task.algorithm.RecalculateTaskScheduleAlgorithm::modifyTaskStart(net.sourceforge.ganttproject.task.Task, net.sourceforge.ganttproject.GanttCalendar):void]
net.sourceforge.ganttproject.GanttCalendar	[net.sourceforge.ganttproject.GanttCalendar::boolean isFixed, net.sourceforge.ganttproject.GanttCalendar::Clone():net.sourceforge.ganttproject.GanttCalendar, net.sourceforge.ganttproject.GanttCalendar::equals(net.sourceforge.ganttproject.GanttCalendar):boolean, net.sourceforge.ganttproject.GanttCalendar::newAdd(int):net.sourceforge.ganttproject.GanttCalendar, net.sourceforge.ganttproject.GanttCalendar::getYear():int, net.sourceforge.ganttproject.GanttCalendar::getMonth():int, net.sourceforge.ganttproject.GanttCalendar::getDay():int, net.sourceforge.ganttproject.GanttCalendar::getDate():int, net.sourceforge.ganttproject.GanttCalendar::diff(net.sourceforge.ganttproject.GanttCalendar):int, net.sourceforge.ganttproject.GanttCalendar::module(int):int, net.sourceforge.ganttproject.GanttCalendar::compareTo(net.sourceforge.ganttproject.GanttCalendar):int]
net.sourceforge.ganttproject.GanttCalendar	[net.sourceforge.ganttproject.GanttCalendar::boolean isFixed, net.sourceforge.ganttproject.GanttCalendar::Clone():net.sourceforge.ganttproject.GanttCalendar, net.sourceforge.ganttproject.GanttCalendar::equals(net.sourceforge.ganttproject.GanttCalendar):boolean, net.sourceforge.ganttproject.GanttCalendar::newAdd(int):net.sourceforge.ganttproject.GanttCalendar, net.sourceforge.ganttproject.GanttCalendar::getYear():int, net.sourceforge.ganttproject.GanttCalendar::getMonth():int, net.sourceforge.ganttproject.GanttCalendar::getDay():int, net.sourceforge.ganttproject.GanttCalendar::getDate():int]
net.sourceforge.ganttproject.gui.zoom.ZoomManager	[net.sourceforge.ganttproject.gui.zoom.ZoomManager::int myZooming, net.sourceforge.ganttproject.gui.zoom.ZoomManager::net.sourceforge.ganttproject.gui.zoom.ZoomManager.ZoomState[] myZoomStates, net.sourceforge.ganttproject.gui.zoom.ZoomManager::setZoomState(java.lang.String):void, net.sourceforge.ganttproject.gui.zoom.ZoomManager::canZoomOut():boolean, net.sourceforge.ganttproject.gui.zoom.ZoomManager::getZoomState():net.sourceforge.ganttproject.gui.zoom.ZoomManager.ZoomState, net.sourceforge.ganttproject.gui.zoom.ZoomManager::zoomIn():void, net.sourceforge.ganttproject.gui.zoom.ZoomManager::zoomOut():void, net.sourceforge.ganttproject.gui.zoom.ZoomManager::addZoomListener(net.sourceforge.ganttproject.gui.zoom.ZoomListener):void, net.sourceforge.ganttproject.gui.zoom.ZoomManager::fireZoomingChanged(int, int):void]
net.sourceforge.ganttproject.gui.zoom.ZoomManager	[net.sourceforge.ganttproject.gui.zoom.ZoomManager::int myZooming, net.sourceforge.ganttproject.gui.zoom.ZoomManager::net.sourceforge.ganttproject.gui.zoom.ZoomManager.ZoomState[] myZoomStates, net.sourceforge.ganttproject.gui.zoom.ZoomManager::setZoomState(java.lang.String):void, net.sourceforge.ganttproject.gui.zoom.ZoomManager::canZoomOut():boolean, net.sourceforge.ganttproject.gui.zoom.ZoomManager::getZoomState():net.sourceforge.ganttproject.gui.zoom.ZoomManager.ZoomState]
net.sourceforge.ganttproject.gui.zoom.ZoomManager	[net.sourceforge.ganttproject.gui.zoom.ZoomManager::int myZooming, net.sourceforge.ganttproject.gui.zoom.ZoomManager::net.sourceforge.ganttproject.gui.zoom.ZoomManager.ZoomState[] myZoomStates, net.sourceforge.ganttproject.gui.zoom.ZoomManager::setZoomState(java.lang.String):void]
net.sourceforge.ganttproject.gui.zoom.ZoomManager	[net.sourceforge.ganttproject.gui.zoom.ZoomManager::int myZooming, net.sourceforge.ganttproject.gui.zoom.ZoomManager::net.sourceforge.ganttproject.gui.zoom.ZoomManager.ZoomState[] myZoomStates, net.sourceforge.ganttproject.gui.zoom.ZoomManager::setZoomState(java.lang.String):void, net.sourceforge.ganttproject.gui.zoom.ZoomManager::canZoomOut():boolean, net.sourceforge.ganttproject.gui.zoom.ZoomManager::getZoomState():net.sourceforge.ganttproject.gui.zoom.ZoomManager.ZoomState, net.sourceforge.ganttproject.gui.zoom.ZoomManager::zoomIn():void, net.sourceforge.ganttproject.gui.zoom.ZoomManager::zoomOut():void]
net.sourceforge.ganttproject.task.ResourceAssignmentCollectionImpl	[net.sourceforge.ganttproject.task.ResourceAssignmentCollectionImpl::net.sourceforge.ganttproject.task.TaskImpl myTask, net.sourceforge.ganttproject.task.ResourceAssignmentCollectionImpl::net.sourceforge.ganttproject.resource.ResourceManager myResourceManager, net.sourceforge.ganttproject.task.ResourceAssignmentCollectionImpl::importData(net.sourceforge.ganttproject.task.ResourceAssignmentCollection):void]
net.sourceforge.ganttproject.io.GanttXMLSaver	[net.sourceforge.ganttproject.io.GanttXMLSaver::net.sourceforge.ganttproject.IGanttProject myProject, net.sourceforge.ganttproject.io.GanttXMLSaver::net.sourceforge.ganttproject.GanttGraphicArea area, net.sourceforge.ganttproject.io.GanttXMLSaver::saveCalendar(javax.xml.transform.sax.TransformerHandler):void, net.sourceforge.ganttproject.io.GanttXMLSaver::save(java.io.OutputStreamWriter, java.lang.String, boolean):void, net.sourceforge.ganttproject.io.GanttXMLSaver::java.util.ArrayList lots, net.sourceforge.ganttproject.io.GanttXMLSaver::net.sourceforge.ganttproject.GanttTree tree, net.sourceforge.ganttproject.io.GanttXMLSaver::java.util.ArrayList number, net.sourceforge.ganttproject.io.GanttXMLSaver::int cpt, net.sourceforge.ganttproject.io.GanttXMLSaver::java.util.ArrayList lot, net.sourceforge.ganttproject.io.GanttXMLSaver::java.lang.String s, net.sourceforge.ganttproject.io.GanttXMLSaver::save(java.io.OutputStream, java.lang.String):void, net.sourceforge.ganttproject.io.GanttXMLSaver::_save(java.io.OutputStreamWriter, java.lang.String, boolean):void, net.sourceforge.ganttproject.io.GanttXMLSaver::writeTask(java.io.Writer, javax.swing.tree.DefaultMutableTreeNode, java.lang.String):void, net.sourceforge.ganttproject.io.GanttXMLSaver::writeAllocations(java.io.Writer):void, net.sourceforge.ganttproject.io.GanttXMLSaver::writeRoles(java.io.Writer):void, net.sourceforge.ganttproject.io.GanttXMLSaver::writeResources(java.io.Writer):void, net.sourceforge.ganttproject.io.GanttXMLSaver::startElement(java.lang.String, org.xml.sax.helpers.AttributesImpl, javax.xml.transform.sax.TransformerHandler):void, net.sourceforge.ganttproject.io.GanttXMLSaver::emptyElement(java.lang.String, org.xml.sax.helpers.AttributesImpl, javax.xml.transform.sax.TransformerHandler):void, net.sourceforge.ganttproject.io.GanttXMLSaver::endElement(java.lang.String, javax.xml.transform.sax.TransformerHandler):void, net.sourceforge.ganttproject.io.GanttXMLSaver::saveRoles(javax.xml.transform.sax.TransformerHandler):void, net.sourceforge.ganttproject.io.GanttXMLSaver::net.sourceforge.ganttproject.GanttResourcePanel peop, net.sourceforge.ganttproject.io.GanttXMLSaver::java.util.HashMap usersId, net.sourceforge.ganttproject.io.GanttXMLSaver::correct(java.lang.String):java.lang.String, net.sourceforge.ganttproject.io.GanttXMLSaver::addAttribute(java.lang.String, java.lang.String, org.xml.sax.helpers.AttributesImpl):void, net.sourceforge.ganttproject.io.GanttXMLSaver::emptyComment(javax.xml.transform.sax.TransformerHandler):void]
net.sourceforge.ganttproject.io.GanttXMLSaver	[net.sourceforge.ganttproject.io.GanttXMLSaver::startElement(java.lang.String, org.xml.sax.helpers.AttributesImpl, javax.xml.transform.sax.TransformerHandler):void, net.sourceforge.ganttproject.io.GanttXMLSaver::emptyElement(java.lang.String, org.xml.sax.helpers.AttributesImpl, javax.xml.transform.sax.TransformerHandler):void, net.sourceforge.ganttproject.io.GanttXMLSaver::endElement(java.lang.String, javax.xml.transform.sax.TransformerHandler):void, net.sourceforge.ganttproject.io.GanttXMLSaver::saveRoles(javax.xml.transform.sax.TransformerHandler):void]
net.sourceforge.ganttproject.io.GanttXFIGSaver	[net.sourceforge.ganttproject.io.GanttXFIGSaver::net.sourceforge.ganttproject.GanttTree tree, net.sourceforge.ganttproject.io.GanttXFIGSaver::getTaskTextWidth(javax.swing.tree.DefaultMutableTreeNode):float, net.sourceforge.ganttproject.io.GanttXFIGSaver::getProjectTextWidth():float, net.sourceforge.ganttproject.io.GanttXFIGSaver::java.util.ArrayList lot, net.sourceforge.ganttproject.io.GanttXFIGSaver::beginToSave(java.io.OutputStreamWriter, java.lang.String):void, net.sourceforge.ganttproject.io.GanttXFIGSaver::boolean debug, net.sourceforge.ganttproject.io.GanttXFIGSaver::java.util.ArrayList atl, net.sourceforge.ganttproject.io.GanttXFIGSaver::java.util.ArrayList abl, net.sourceforge.ganttproject.io.GanttXFIGSaver::java.util.ArrayList lots, net.sourceforge.ganttproject.io.GanttXFIGSaver::save(java.io.OutputStream, java.lang.String):void, net.sourceforge.ganttproject.io.GanttXFIGSaver::java.util.ArrayList loc, net.sourceforge.ganttproject.io.GanttXFIGSaver::searchUserColor():void, net.sourceforge.ganttproject.io.GanttXFIGSaver::getHexaColor(java.awt.Color):java.lang.String, net.sourceforge.ganttproject.io.GanttXFIGSaver::xfigheader(java.io.OutputStreamWriter):void, net.sourceforge.ganttproject.io.GanttXFIGSaver::labelAxes(java.io.OutputStreamWriter):void, net.sourceforge.ganttproject.io.GanttXFIGSaver::net.sourceforge.ganttproject.GanttCalendar dateShift, net.sourceforge.ganttproject.io.GanttXFIGSaver::float scale, net.sourceforge.ganttproject.io.GanttXFIGSaver::float fTtextwidth, net.sourceforge.ganttproject.io.GanttXFIGSaver::float chwidth, net.sourceforge.ganttproject.io.GanttXFIGSaver::drawTasks(java.io.OutputStreamWriter):void, net.sourceforge.ganttproject.io.GanttXFIGSaver::setProjectPlotTimes(float, float):void, net.sourceforge.ganttproject.io.GanttXFIGSaver::task2box(net.sourceforge.ganttproject.GanttTask, int, int, boolean):net.sourceforge.ganttproject.io.GanttXFIGSaver.BoxObject, net.sourceforge.ganttproject.io.GanttXFIGSaver::drawbox(java.io.OutputStreamWriter, net.sourceforge.ganttproject.io.GanttXFIGSaver.BoxObject):void]
net.sourceforge.ganttproject.gui.projectwizard.WizardImpl	[net.sourceforge.ganttproject.gui.projectwizard.WizardImpl::java.util.ArrayList myPages, net.sourceforge.ganttproject.gui.projectwizard.WizardImpl::int myCurrentPage, net.sourceforge.ganttproject.gui.projectwizard.WizardImpl::nextPage():void, net.sourceforge.ganttproject.gui.projectwizard.WizardImpl::backPage():void, net.sourceforge.ganttproject.gui.projectwizard.WizardImpl::getCurrentPage():net.sourceforge.ganttproject.gui.projectwizard.WizardPage, net.sourceforge.ganttproject.gui.projectwizard.WizardImpl::adjustButtonState():void, net.sourceforge.ganttproject.gui.projectwizard.WizardImpl::net.sourceforge.ganttproject.gui.projectwizard.WizardImpl.NextAction myNextAction, net.sourceforge.ganttproject.gui.projectwizard.WizardImpl::createNextButton():javax.swing.JButton, net.sourceforge.ganttproject.gui.projectwizard.WizardImpl::net.sourceforge.ganttproject.gui.projectwizard.WizardImpl.BackAction myBackAction, net.sourceforge.ganttproject.gui.projectwizard.WizardImpl::createBackButton():javax.swing.JButton]
