org.json.Cookie	public static org.json.JSONObject toJSONObject(java.lang.String) 	value	B3	0/16	(4707,21,F)(4891,12,F)(4913,48,F)(4999,9,F)(5075,8,F)(5100,64,F)(5263,29,F)(5313,58,F)(5403,30,F)(5454,59,F)(5599,15,F)(5635,21,F)(5696,39,F)(5753,9,F)(5842,37,F)(5900,20,F)	8-9-10-11-12-13-14-15-16-17-18-19-20-21-22-23-
org.json.XMLTokener	public void skipPast(java.lang.String) 	b	B7	0/9	(11578,11,F)(11603,9,F)(11700,5,F)(11707,10,F)(11719,6,F)(11750,25,F)(11800,10,F)(11832,6,F)(11875,7,F)(11904,11,F)(11940,12,F)	14-15-16-17-18-19-20-21-22-
org.json.JSONObject	public Map<java.lang.String,java.lang.Object> toMap() 	value	B3	0/8	(96098,13,F)(96129,57,F)(96207,13,F)(96245,38,F)(96304,48,F)(96377,37,F)(96435,48,F)(96523,25,F)	3-4-5-6-7-8-9-10-
org.json.XML	public static void noSpace(java.lang.String) throws org.json.JSONException	i	B3	0/3	(8084,5,F)(8091,10,F)(8103,6,F)(8130,40,F)(8191,97,F)	4-5-6-
org.json.XML	public static java.lang.String toString(java.lang.Object, java.lang.String, org.json.XMLParserConfiguration) throws org.json.JSONException	value	B8	0/2	(31193,26,F)(31244,29,F)	15-16-
org.json.JSONTokener	public char next() throws org.json.JSONException	c	B1	1/5	(6435,6,F)(6455,16,T)(6527,18,F)(6577,3,F)(6600,23,F)	1-2-4-5-6-
org.json.JSONObject	public org.json.JSONObject put(java.lang.String, java.lang.Object) throws org.json.JSONException	map	B3	1/3	(65509,13,T)(65573,25,F)(65630,17,F)	3-5-6-
org.json.JSONML	public static java.lang.String toString(org.json.JSONArray) throws org.json.JSONException	jo	B1	3/5	(17724,23,F)(17794,27,T)(18110,19,T)(18143,28,T)(18208,24,F)	2-4-12-13-15-
org.json.XMLTokener	public java.lang.Object nextMeta() throws org.json.JSONException	q	B10	2/3	(7134,9,T)(7153,10,T)(7177,6,F)	20-21-22-
org.json.XMLTokener	public java.lang.Object nextToken() throws org.json.JSONException	q	B9	2/3	(9127,9,T)(9146,10,T)(9170,6,F)	21-22-23-
org.json.XML	private static boolean parse(org.json.XMLTokener, org.json.JSONObject, java.lang.String, org.json.XMLParserConfiguration) throws org.json.JSONException	nilAttributeFound	B39	7/8	(11750,24,T)(11796,22,T)(11844,11,T)(11884,22,T)(11936,26,T)(11995,37,T)(12091,170,T)(12294,25,F)	58-59-60-61-62-63-64-65-
org.json.XML	private static boolean parse(org.json.XMLTokener, org.json.JSONObject, java.lang.String, org.json.XMLParserConfiguration) throws org.json.JSONException	nilAttributeFound	B40	2/3	(11884,22,T)(12091,170,T)(12294,25,F)	61-64-65-
org.json.XML	private static boolean parse(org.json.XMLTokener, org.json.JSONObject, java.lang.String, org.json.XMLParserConfiguration) throws org.json.JSONException	nilAttributeFound	B42	1/2	(12091,170,T)(12294,25,F)	64-65-
org.json.JSONObject	public static java.io.Writer quote(java.lang.String, java.io.Writer) throws java.io.IOException	hhhh	B5	11/12	(71020,21,T)(71063,1,T)(71193,6,T)(71357,6,T)(71438,6,T)(71519,6,T)(71600,6,T)(71681,6,T)(71762,6,T)(71782,8,T)(71812,102,T)(71976,30,F)	12-13-18-23-26-29-32-35-38-39-40-42-
org.json.JSONObject	public static java.io.Writer quote(java.lang.String, java.io.Writer) throws java.io.IOException	hhhh	B15	2/3	(71782,8,T)(71812,102,T)(71976,30,F)	39-40-42-
org.json.JSONObject	private void populateMap(java.lang.Object) 	map	B1	11/12	(53071,33,T)(53194,59,T)(53265,87,T)(53367,19,T)(53389,7,T)(53413,44,T)(53475,308,T)(53804,48,T)(53874,29,T)(53928,3,T)(53959,42,T)(54031,14,T)(54078,32,F)	1-2-3-4-5-6-7-8-9-10-11-12-
org.json.JSONObject	private void populateMap(java.lang.Object) 	map	B2	8/9	(53367,19,T)(53389,7,T)(53413,44,T)(53475,308,T)(53804,48,T)(53874,29,T)(53928,3,T)(53959,42,T)(54031,14,T)(54078,32,F)	4-5-6-7-8-9-10-11-12-
